Symbol,Name,Last Sale,Net Change,% Change,Market Cap,Country,IPO Year,Volume,Sector,Industry
AAMC,Altisource Asset Management Corp Com,$19.00,0.0006,0.003%,33766895.00,United States,,100,Finance,Investment Managers
AAU,Almaden Minerals Ltd. Common Shares,$0.2547,0.0007,0.276%,34950293.00,Canada,2015,30833,,
ACU,Acme United Corporation. Common Stock,$24.85,0.41,1.678%,87838016.00,United States,1988,2444,Consumer Discretionary,Home Furnishings
ADRA,Adara Acquisition Corp. Class A Common Stock,$10.01,-0.01,-0.10%,143893750.00,United States,2021,16653,Industrials,Consumer Electronics/Appliances
ADRT,Ault Disruptive Technologies Corporation Common Stock,$10.12,0.01,0.099%,145475000.00,,2022,8551,Industrials,Consumer Electronics/Appliances
AE,Adams Resources & Energy Inc. Common Stock,$40.55,0.15,0.371%,99444982.00,United States,1980,7941,Energy,Oilfield Services/Equipment
AEF,abrdn Emerging Markets Equity Income Fund Inc. Common Stock,$5.085,0.145,2.935%,258072791.00,United States,,17159,Finance,Finance/Investors Services
AGE,AgeX Therapeutics Inc. Common Stock,$0.5978,0.0168,2.892%,22684807.00,,2018,8734,Health Care,Biotechnology: Pharmaceutical Preparations
AIM,AIM ImmunoTech Inc. Common Stock,$0.4711,-0.01,-2.079%,18697965.00,United States,1997,38949,Health Care,Biotechnology: Biological Products (No Diagnostic Substances)
AINC,Ashford Inc. (Holding Company) Common Stock,$14.19,0.00,0.00%,44202716.00,United States,2014,108,Finance,Investment Managers
AIRI,Air Industries Group Common Stock,$5.60,0.20,3.704%,18101815.00,United States,,4668,Industrials,Military/Government/Technical
AMBO,Ambow Education Holding Ltd. American Depository Shares each representing two Class A ordinary shares,$0.3035,0.00,0.00%,7921062.00,China,,261,Consumer Discretionary,Service to the Health Industry
AMS,American Shared Hospital Services Common Stock,$2.98,-0.09,-2.932%,18213760.00,United States,1988,1349,Health Care,Medical Specialities
APT,Alpha Pro Tech Ltd. Common Stock,$4.17,0.025,0.603%,52187367.00,Canada,2000,51250,,
AREN,The Arena Group Holdings Inc. Common Stock,$14.18,0.61,4.495%,253033294.00,,2022,815,Technology,Interactive Media
ARMP,Armata Pharmaceuticals Inc. Common Stock,$3.1448,-0.0652,-2.031%,113667871.00,United States,,1039,Health Care,Biotechnology: Biological Products (No Diagnostic Substances)
ASM,Avino Silver & Gold Mines Ltd. Common Shares (Canada),$0.6851,-0.0129,-1.848%,81080962.00,Canada,,143356,,
ASXC,Asensus Surgical Inc. Common Stock,$0.4619,0.0048,1.05%,109340471.00,United States,,99541,Health Care,Medical/Dental Instruments
ATNM,Actinium Pharmaceuticals Inc. (Delaware) Common Stock,$12.90,0.39,3.118%,324882037.00,United States,,121959,Health Care,Biotechnology: Pharmaceutical Preparations
AUMN,Golden Minerals Company Common Stock,$0.2631,-0.0023,-0.867%,44050305.00,United States,,42282,Basic Materials,Precious Metals
AUST,Austin Gold Corp. Common Shares,$1.03,-0.0188,-1.793%,13669903.00,,2022,4596,,
AWX,Avalon Holdings Corporation Common Stock,$2.9501,0.0889,3.107%,11503711.00,United States,1998,1679,Utilities,Environmental Services
BATL,Battalion Oil Corporation Common Stock,$14.07,1.11,8.565%,229874394.00,,,2475,Energy,Oil & Gas Production
BCV,Bancroft Fund Ltd.,$18.03,0.19,1.065%,105834081.00,United States,1972,1284,Finance,Finance/Investors Services
BCV^A,Bancroft Fund Limited 5.375% Series A Cumulative Preferred Shares,$24.27,0.53,2.233%,,United States,,400,,
BDL,Flanigan's Enterprises Inc. Common Stock,$28.01,0.00,0.00%,52060702.00,United States,1972,11,Consumer Discretionary,Restaurants
BGI,Birks Group Inc. Common Stock,$5.1965,0.0065,0.125%,97098614.00,Canada,,2458,,
BHB,Bar Harbor Bankshares Inc. Common Stock,$29.946,-0.044,-0.147%,451155057.00,United States,1997,3753,Finance,Major Banks
BHM,Bluerock Homes Trust Inc. Class A Common Stock,$23.50,0.15,0.642%,90322297.00,,2022,977,Real Estate,Real Estate Investment Trusts
BKTI,BK Technologies Corporation Common Stock,$2.7501,-0.1799,-6.14%,46708515.00,United States,,2190,Technology,Radio And Television Broadcasting And Communications Equipment
BMTX,BM Technologies Inc. Common Stock,$6.84,-1.35,-16.484%,83714397.00,,2018,191113,Technology,EDP Services
BRBS,Blue Ridge Bankshares Inc. Common Stock,$13.1038,0.1038,0.798%,248268107.00,,,595,Finance,Commercial Banks
BRN,Barnwell Industries Inc. Common Stock,$3.12,-0.03,-0.952%,31064863.00,United States,1965,2008,Energy,Oil & Gas Production
BTG,B2Gold Corp Common shares (Canada),$3.504,-0.006,-0.171%,3765281594.00,Canada,,1248868,,
BTN,Ballantyne Strong Inc. Common Stock,$2.35,0.01,0.427%,45753675.00,United States,,2487,Consumer Discretionary,Industrial Machinery/Components
BTTR,Better Choice Company Inc. Common Stock,$0.9467,0.0267,2.902%,27799573.00,,2021,8145,Consumer Discretionary,Food Distributors
CANF,Can-Fite Biopharma Ltd Sponsored ADR (Israel),$0.7893,-0.0158,-1.962%,21462285.00,Israel,,5381,Health Care,Biotechnology: Pharmaceutical Preparations
CCEL,Cryo-Cell International Inc. Common Stock,$4.75,-0.17,-3.455%,40466438.00,United States,2022,781,Health Care,Managed Health Care
CCF,Chase Corporation Common Stock,$97.25,0.53,0.548%,920820378.00,United States,1995,2037,Consumer Discretionary,Paints/Coatings
CEI,Camber Energy Inc. Common Stock,$0.1304,0.0019,1.479%,66429821.00,United States,,4288614,Energy,Oil & Gas Production
CET,Central Securities Corporation Common Stock,$34.945,0.445,1.29%,952946096.00,United States,1951,8105,Finance,Finance/Investors Services
CEV,Eaton Vance California Municipal Income Trust Shares of Beneficial Interest,$9.56,0.0765,0.807%,68196977.00,United States,1999,4944,Finance,Finance/Investors Services
CIK,Credit Suisse Asset Management Income Fund Inc. Common Stock,$2.645,0.015,0.57%,138436634.00,United States,,21232,Finance,Finance/Investors Services
CIX,CompX International Inc. Common Stock,$17.98,0.00,0.00%,221282683.00,United States,1998,107,Technology,Security Systems Services
CKX,CKX Lands Inc. Common Stock,$10.5768,0.00,0.00%,20883119.00,United States,2003,91,Energy,Oil & Gas Production
CLM,Cornerstone Strategic Value Fund Inc. New Common Stock,$8.4579,0.0979,1.171%,1730246372.00,United States,2003,406630,Finance,Finance/Investors Services
CMCL,Caledonia Mining Corporation Plc Common Shares,$11.35,-0.16,-1.39%,145655980.00,Canada,,1552,Basic Materials,Precious Metals
CMT,Core Molding Technologies Inc Common Stock,$11.38,0.13,1.156%,101514175.00,United States,1996,5168,Consumer Discretionary,Electronic Components
COHN,Cohen & Company Inc.,$10.00,0.4701,4.933%,17169420.00,United States,,3071,Finance,Investment Managers
CPHI,China Pharma Holdings Inc. Common Stock,$0.12,0.005,4.348%,6053961.00,China,,22491,Health Care,Biotechnology: Pharmaceutical Preparations
CQP,Cheniere Energy Partners LP Cheniere Energy Partners LP Common Units,$55.22,0.44,0.803%,26728226222.00,United States,2007,19694,Utilities,Oil/Gas Transmission
CRF,Cornerstone Total Return Fund Inc. (The) Common Stock,$8.2239,0.0939,1.155%,798948266.00,United States,2003,159008,Finance,Finance/Investors Services
CTGO,Contango ORE Inc. Common Stock,$24.50,-0.71,-2.816%,165977455.00,,2021,301,Basic Materials,Precious Metals
CTM,Castellum Inc. Common Stock,$0.8382,0.0182,2.22%,34796307.00,,2022,58799,Technology,EDP Services
CVM,Cel-Sci Corporation Common Stock,$3.54,0.02,0.568%,153520815.00,United States,1997,5647,Health Care,Biotechnology: Biological Products (No Diagnostic Substances)
CVR,Chicago Rivet & Machine Co. Common Stock,$27.00,0.00,0.00%,26085564.00,United States,1930,31,Consumer Discretionary,Industrial Specialties
CVU,CPI Aerostructures Inc. Common Stock,$2.4869,0.0069,0.278%,30796345.00,United States,2022,1511,Industrials,Military/Government/Technical
CYBN,Cybin Inc. Common Shares,$0.4686,0.0121,2.651%,77843912.00,,,336003,Health Care,Pharmaceuticals and Biotechnology
DC,Dakota Gold Corp. Common Stock,$3.71,0.03,0.815%,267100129.00,,2022,5167,Basic Materials,Precious Metals
DHY,Credit Suisse High Yield Bond Fund Common Stock,$1.87,0.02,1.081%,193570684.00,United States,1998,56021,Finance,Finance/Investors Services
DIT,AMCON Distributing Company Common Stock,$183.99,0.00,0.00%,107595328.00,United States,1999,5,Consumer Discretionary,Food Distributors
DLA,Delta Apparel Inc. Common Stock,$16.70,-0.05,-0.299%,115479481.00,United States,2000,16297,Consumer Discretionary,Department/Specialty Retail Stores
DMF,BNY Mellon Municipal Income Inc. Common Stock,$6.10,0.11,1.836%,126619329.00,United States,1988,18862,Finance,Finance/Investors Services
DNN,Denison Mines Corp Ordinary Shares (Canada),$1.275,0.015,1.19%,1048323712.00,Canada,,979610,,
DPSI,DecisionPoint Systems Inc. Common Stock,$6.3199,0.6099,10.681%,46063400.00,,2022,25930,Technology,Retail: Computer Software & Peripheral Equipment
DSS,DSS Inc. Common Stock,$0.2276,0.0076,3.455%,31640308.00,United States,,124450,,
DXF,Dunxin Financial Holdings Limited American Depositary Shares,$0.2309,-0.0091,-3.792%,4821004.00,China,,5131,Consumer Discretionary,Apparel
EAD,Allspring Income Opportunities Fund Common Shares,$6.54,0.08,1.238%,394009651.00,United States,2003,16577,Finance,Finance/Investors Services
ECF,Ellsworth Growth and Income Fund Ltd.,$8.7957,0.1157,1.333%,122365902.00,United States,1986,8424,Finance,Finance/Investors Services
ECF^A,Ellsworth Growth and Income Fund Ltd. 5.25% Series A Cumulative Preferred Shares (Liquidation Preference $25.00 per share),$22.80,0.00,0.00%,,United States,,22,,
EFSH,1847 Holdings LLC Common Shares,$1.74,-0.09,-4.918%,6963976.00,,2022,12654,Industrials,Consumer Electronics/Appliances
EIM,Eaton Vance Municipal Bond Fund Common Shares of Beneficial Interest $.01 par value,$9.8296,0.0896,0.92%,707271017.00,United States,2002,17409,Finance,Finance/Investors Services
ELA,Envela Corporation Common Stock,$4.98,0.19,3.967%,134083417.00,United States,,1063,Consumer Discretionary,Consumer Specialties
ELLO,Ellomay Capital Ltd Ordinary Shares (Israel),$18.72,0.59,3.254%,240538802.00,Israel,,315,Utilities,Electric Utilities: Central
ELMD,Electromed Inc. Common Stock,$10.0999,0.0499,0.497%,85698298.00,United States,2011,5214,Health Care,Biotechnology: Electromedical & Electrotherapeutic Apparatus
EMAN,eMagin Corporation Common Stock,$0.9491,0.0291,3.163%,72777016.00,United States,,24498,Technology,Industrial Machinery/Components
EMX,EMX Royalty Corporation Common Shares (Canada),$1.875,-0.045,-2.344%,206235356.00,Canada,,32919,,
ENSV,Enservco Corporation Common Stock,$2.93,-0.14,-4.56%,33670455.00,United States,,123317,Energy,Oilfield Services/Equipment
ENX,Eaton Vance New York Municipal Bond Fund Common Shares of Beneficial Interest $.01 par value,$8.68,0.10,1.166%,157266792.00,United States,2002,10602,Finance,Finance/Investors Services
EP,Empire Petroleum Corporation Common Stock,$14.35,0.05,0.35%,311180424.00,United States,2022,2358,Energy,Oil & Gas Production
EPM,Evolution Petroleum Corporation Inc. Common Stock,$7.77,0.06,0.778%,260654254.00,United States,,12129,Energy,Oil & Gas Production
EQX,Equinox Gold Corp. Common Shares,$3.79,0.04,1.067%,1156165367.00,Canada,,750375,,
ERC,Allspring Multi-Sector Income Fund Common Stock,$9.3423,0.1823,1.99%,262230654.00,United States,2003,12784,Finance,Finance/Investors Services
ERH,Allspring Utilities and High Income Fund Common Shares,$11.12,0.11,0.999%,103329898.00,,2004,1879,Finance,Finance/Investors Services
ESP,Espey Mfg. & Electronics Corp. Common Stock,$13.50,-0.39,-2.808%,36485546.00,United States,1960,1722,Technology,Industrial Machinery/Components
EVBN,Evans Bancorp Inc. Common Stock,$37.92,0.00,0.00%,209088984.00,United States,,102,Finance,Major Banks
EVI,EVI Industries Inc.  Common Stock,$17.51,0.00,0.00%,219696044.00,United States,1999,155,Industrials,Industrial Machinery/Components
EVM,Eaton Vance California Municipal Bond Fund Common Shares of Beneficial Interest $.01 par value,$8.48,0.065,0.772%,211951995.00,United States,2002,14577,Finance,Finance/Investors Services
EVV,Eaton Vance Limited Duration Income Fund Common Shares of Beneficial Interest,$9.74,0.14,1.458%,1131821700.00,United States,2003,65533,Finance,Finance/Investors Services
EXN,Excellon Resources Inc. Common Shares,$0.363,-0.0151,-3.994%,12771363.00,,2020,15260,,
FAX,abrdn Asia-Pacific Income Fund Inc. Common Stock,$2.49,0.05,2.049%,616762465.00,United States,1986,268516,Finance,Investment Managers
FCO,abrdn Global Income Fund Inc. Common Stock,$4.60,0.05,1.099%,44097785.00,United States,1992,7577,Finance,Investment Managers
FEN,First Trust Energy Income and Growth Fund,$15.0101,-0.0499,-0.331%,292049054.00,United States,2004,2458,Finance,Finance/Investors Services
FOXO,FOXO Technologies Inc. Class A Common Stock,$0.5601,-0.005,-0.885%,18512890.00,,2022,59794,Technology,Retail: Computer Software & Peripheral Equipment
FRD,Friedman Industries Inc. Common Stock,$9.2554,0.0954,1.041%,68199461.00,United States,1975,1578,Industrials,Steel/Iron Ore
FSI,Flexible Solutions International Inc. Common Stock (CDA),$3.15,-0.04,-1.254%,39011950.00,Canada,2002,18467,Consumer Discretionary,Recreational Games/Products/Toys
FSP,Franklin Street Properties Corp. Common Stock,$2.9175,0.0475,1.655%,301190779.00,United States,,43409,Real Estate,Real Estate Investment Trusts
FTF,Franklin Limited Duration Income Trust Common Shares of Beneficial Interest,$6.40,0.09,1.426%,258594394.00,United States,2003,25016,Finance,Finance/Investors Services
FURY,Fury Gold Mines Limited Common Shares,$0.3606,-0.0095,-2.567%,56423425.00,,2020,26218,,
GAU,Galiano Gold Inc.,$0.5775,0.0025,0.435%,129904844.00,Canada,,23346,,
GBR,New Concept Energy Inc Common Stock,$1.2289,0.0489,4.144%,6306634.00,United States,1993,2333,Real Estate,Real Estate
GENC,Gencor Industries Inc. Common Stock,$9.51,0.00,0.00%,139394746.00,United States,,98,Industrials,Construction/Ag Equipment/Trucks
GGN,GAMCO Global Gold Natural Resources & Income Trust,$3.525,-0.005,-0.142%,543408074.00,United States,2005,54670,Finance,Finance/Investors Services
GGN^B,GAMCO Global Gold Natural Reources & Income Trust 5.00% Series B Cumulative 25.00 Liquidation Preference,$22.47,0.22,0.989%,,United States,,400,,
GLDG,GoldMining Inc. Common Shares,$0.905,-0.009,-0.985%,143418041.00,,,149568,,
GLO,Clough Global Opportunities Fund Common Stock,$6.1667,0.0467,0.763%,254996357.00,United States,2006,68843,Finance,Finance/Investors Services
GLQ,Clough Global Equity Fund Clough Global Equity Fund Common Shares of Beneficial Interest,$7.56,0.10,1.34%,139615910.00,United States,2005,8983,Finance,Finance/Investors Services
GLTA,Galata Acquisition Corp. Class A Ordinary Shares,$10.10,0.01,0.099%,181484375.00,,2021,1308,Finance,Business Services
GLU,Gabelli Global Utility Common Shares of Beneficial Ownership,$14.5923,0.0823,0.567%,87100140.00,United States,2004,431,Finance,Finance/Investors Services
GLU^A,The Gabelli Global Utility and Income Trust Series A Cumulative Puttable and Callable Preferred Shares,$47.50,0.00,0.00%,,United States,,32,,
GLU^B,The Gabelli Global Utility and Income Trust Series B Cumulative Puttable and Callable Preferred Shares,$49.36,0.00,0.00%,,United States,,250,,
GLV,Clough Global Dividend and Income Fund Common Shares of beneficial interest,$7.3974,0.1474,2.033%,92868543.00,United States,2004,4984,Finance,Finance/Investors Services
GNS,Genius Group Limited Ordinary Shares,$0.5199,0.0085,1.662%,12836676.00,,2022,470980,Real Estate,Other Consumer Services
GORO,Gold Resource Corporation Common Stock,$1.6503,-0.0197,-1.18%,145883399.00,United States,,45009,Basic Materials,Precious Metals
GRF,Eagle Capital Growth Fund Inc. Common Stock,$9.04,-0.07,-0.768%,35500650.00,United States,,136,Finance,Finance/Investors Services
GRFX,Graphex Group Limited American Depositary Shares each American Depositary Share representing 20 Ordinary Shares,$1.3001,0.2601,25.01%,42241098.00,,2022,100283,,
GROY,Gold Royalty Corp. Common Shares,$2.83,-0.07,-2.414%,407273985.00,,2021,151290,,
GSAT,Globalstar Inc. Common Stock,$1.95,0.05,2.632%,3511950000.00,United States,2006,929050,Consumer Discretionary,Telecommunications Equipment
GTE,Gran Tierra Energy Inc. Common Stock,$1.27,0.01,0.794%,468501246.00,Canada,,1089530,Energy,Oil & Gas Production
HNRA,HNR Acquisition Corp Common Stock,$10.15,0.00,0.00%,118057188.00,,2022,5,Industrials,Consumer Electronics/Appliances
HNW,Pioneer Diversified High Income Fund Inc.,$10.26,0.07,0.687%,85514627.00,United States,2007,1929,Finance,Finance/Investors Services
HPX,HPX Corp. Class A Ordinary Shares,$9.98,0.00,0.00%,121082520.00,United States,2020,81,Finance,Business Services
HUSA,Houston American Energy Corporation Common Stock,$4.4552,0.0552,1.255%,44232731.00,United States,,150975,Energy,Oil & Gas Production
HWM^,Howmet Aerospace Inc. $3.75 Preferred Stock,$60.51,0.01,0.017%,,United States,,229,,
IAF,abrdn Australia Equity Fund Inc. Common Stock,$4.50,0.04,0.897%,109707525.00,United States,1985,3051,Finance,Finance/Investors Services
IAUX,i-80 Gold Corp. Common Shares,$2.35,0.135,6.095%,564866250.00,,2022,209575,,
IBIO,iBio Inc. Common Stock,$1.71,0.01,0.588%,15401257.00,United States,,17060,Health Care,Biotechnology: Pharmaceutical Preparations
ID,PARTS iD Inc. Class A Common Stock,$1.4517,-0.0383,-2.57%,49523946.00,United States,2017,911,Consumer Discretionary,Auto Parts:O.E.M.
IDR,Idaho Strategic Resources Inc. Common Stock,$5.8501,0.00,0.00%,70117819.00,,2022,274,Basic Materials,Precious Metals
IDW,IDW Media Holdings Class B Common Stock,$1.28,0.00,0.00%,18021770.00,,2021,7127,Consumer Discretionary,Newspapers/Magazines
IE,Ivanhoe Electric Inc. Common Stock,$12.32,0.24,1.987%,1144379150.00,,2022,7149,Basic Materials,Metal Mining
IGC,India Globalization Capital Inc. Common Stock,$0.4357,0.0078,1.823%,23121482.00,United States,,13674,Consumer Discretionary,Engineering & Construction
IHT,InnSuites Hospitality Trust Shares of Beneficial Interest,$1.93,-0.02,-1.026%,17603009.00,United States,1999,2419,Real Estate,Real Estate Investment Trusts
IMH,Impac Mortgage Holdings Inc. Common Stock ,$0.3303,-0.0247,-6.958%,9522963.00,United States,1997,1383,Finance,Finance: Consumer Services
IMO,Imperial Oil Limited Common Stock,$56.645,0.025,0.044%,34261296219.00,Canada,1929,73416,,
INDO,Indonesia Energy Corporation Limited Ordinary Shares,$6.88,0.19,2.84%,63979315.00,,2019,85637,Energy,Oil & Gas Production
INFU,InfuSystems Holdings Inc. Common Stock,$8.825,0.225,2.616%,182292501.00,United States,,412,Health Care,Medical/Dental Instruments
INLX,Intellinetics Inc. Common Stock,$3.78,-0.10,-2.577%,,,2022,225,Technology,EDP Services
INTT,inTest Corporation Common Stock,$9.90,0.05,0.508%,109133145.00,United States,1997,4395,Technology,Semiconductors
INUV,Inuvo Inc.,$0.3351,-0.0979,-22.61%,40257200.00,United States,,531778,Consumer Discretionary,Advertising
IOR,Income Opportunity Realty Investors Inc. Common Stock,$11.62,0.00,0.00%,48436971.00,United States,1987,135,Real Estate,Real Estate Investment Trusts
ISDR,Issuer Direct Corporation Common Stock,$24.45,-0.85,-3.36%,92690439.00,United States,,811,Technology,Computer Software: Prepackaged Software
ISR,IsoRay Inc. Common Stock (DE),$0.3078,-0.0021,-0.678%,43742309.00,United States,,15707,Health Care,Medical Specialities
ITP,IT Tech Packaging Inc. Common Stock,$0.7006,-0.0117,-1.643%,7997994.00,China,,3733,Basic Materials,Paper
ITRG,Integra Resources Corp. Common Shares,$0.69,0.0089,1.307%,54692764.00,,,11336,,
JOB,GEE Group Inc. Common Stock,$0.7301,0.0001,0.014%,83304742.00,United States,1968,28035,Consumer Discretionary,Diversified Commercial Services
KIQ,Kelso Technologies Inc Ordinary Shares,$0.26,0.0049,1.921%,14123222.00,Canada,,352,,
KNW,Know Labs Inc. Common Stock,$1.54,0.02,1.316%,73903493.00,,2022,4155,Industrials,Industrial Machinery/Components
KULR,KULR Technology Group Inc. Common Stock,$1.935,0.045,2.381%,207717060.00,United States,,202482,,
LCTX,Lineage Cell Therapeutics Inc. Common Stock,$1.38,0.02,1.471%,206974259.00,United States,,20724,Health Care,Biotechnology: Biological Products (No Diagnostic Substances)
LEU,Centrus Energy Corp. Class A Common Stock,$39.77,-0.08,-0.201%,576257596.00,United States,2014,15451,,
LGL,LGL Group Inc. (The) Common Stock,$4.8399,0.1149,2.432%,25889530.00,United States,1946,4605,Technology,Industrial Machinery/Components
LNG,Cheniere Energy Inc. Common Stock,$162.8888,-1.6112,-0.979%,40503832252.00,United States,2001,530393,Utilities,Oil/Gas Transmission
LODE,Comstock Inc. Common Stock,$0.3942,0.0042,1.077%,33923034.00,United States,,85459,Finance,Real Estate
LPTV,Loop Media Inc. Common Stock,$4.00,0.01,0.251%,225524836.00,,2022,261,Industrials,Broadcasting
LSF,Laird Superfood Inc. Common Stock,$1.70,0.02,1.19%,15598880.00,,2020,3957,Consumer Staples,Specialty Foods
LXFR,Luxfer Holdings PLC Ordinary Shares,$15.49,0.14,0.912%,421461849.00,United Kingdom,2012,892,Industrials,Metal Fabrications
MAG,MAG Silver Corporation Ordinary Shares,$15.60,-0.10,-0.637%,1540061406.00,Canada,,79022,,
MAIA,MAIA Biotechnology Inc. Common Stock,$3.62,-0.0156,-0.429%,39624172.00,,2022,5034,Health Care,Biotechnology: Pharmaceutical Preparations
MGLD,The Marygold Companies Inc. Common Stock,$1.1903,-0.1097,-8.438%,46936884.00,,2022,1357,Finance,Finance/Investors Services
MHH,Mastech Digital Inc Common Stock,$14.95,0.65,4.545%,173639376.00,United States,,4963,Consumer Discretionary,Professional Services
MIMO,Airspan Networks Holdings Inc. Common Stock,$2.29,0.07,3.153%,169287091.00,,2020,110,Consumer Discretionary,Telecommunications Equipment
MITQ,Moving iMage Technologies Inc. Common Stock,$1.2201,-0.0369,-2.936%,13370341.00,United States,2021,14225,Telecommunications,Telecommunications Equipment
MLSS,Milestone Scientific Inc. Common Stock,$0.69,0.0896,14.923%,47555432.00,United States,2015,7741,Health Care,Industrial Specialties
MMX,Maverix Metals Inc. Common Shares,$3.9001,0.0401,1.039%,574794219.00,,,35802,,
MNK,Mallinckrodt plc Ordinary Shares,$12.00,0.00,0.00%,158051184.00,,2022,100,Health Care,Biotechnology: Pharmaceutical Preparations
MPTI,M-tron Industries Inc. Common Stock,$10.00,-0.60,-5.66%,27027350.00,,2022,215,,
MSN,Emerson Radio Corporation Common Stock,$0.5515,0.0005,0.091%,11605023.00,United States,1994,16467,Consumer Staples,Consumer Electronics/Appliances
MTA,Metalla Royalty & Streaming Ltd. Common Shares,$5.11,-0.11,-2.107%,229297361.00,,,16153,,
MTMT,Mega Matrix Corp. Common Stock,$1.91,0.01,0.526%,50584545.00,United States,1998,9431,Consumer Discretionary,Diversified Commercial Services
MTNB,Matinas Biopharma Holdings Inc. Common Stock,$0.7098,-0.017,-2.339%,153930441.00,United States,2017,73550,Health Care,Biotechnology: Pharmaceutical Preparations
MXC,Mexco Energy Corporation Common Stock,$14.74,0.49,3.439%,31682392.00,United States,2003,760,Energy,Oil & Gas Production
MYO,Myomo Inc. Common Stock,$0.97,0.045,4.865%,6842701.00,United States,2017,20396,Health Care,Industrial Specialties
NAK,Northern Dynasty Minerals Ltd. Common Stock,$0.27,0.0034,1.275%,143040435.00,Canada,,349788,,
NAVB,Navidea Biopharmaceuticals Inc. Common Stock,$0.269,0.001,0.373%,8648597.00,United States,,10523,Health Care,Biotechnology: In Vitro & In Vivo Diagnostic Substances
NBH,Neuberger Berman Municipal Fund Inc. Common Stock,$10.30,0.15,1.478%,194084589.00,United States,2002,29976,Finance,Finance/Investors Services
NBO,Neuberger Berman New York Municipal Fund Inc. Common Stock,$9.24,0.08,0.873%,46915333.00,United States,2002,2046,Finance,Finance/Investors Services
NBW,Neuberger Berman California Municipal Fund Inc Common Stock,$10.65,0.05,0.472%,59118619.00,United States,2002,10486,Finance,Finance/Investors Services
NBY,NovaBay Pharmaceuticals Inc. Common Stock,$0.0839,-0.0059,-6.57%,5452524.00,United States,2007,1753018,Health Care,Biotechnology: Pharmaceutical Preparations
NEN,New England Realty Associates Limited Partnership Class A Depositary Receipts Evidencing Units of Limited Partnership,$78.25,1.59,2.074%,281294509.00,United States,,5410,Finance,Real Estate
NEWP,New Pacific Metals Corp. Common Shares,$2.29,0.04,1.778%,358895157.00,,2021,5923,,
NFGC,New Found Gold Corp Common Shares,$3.6667,-0.0433,-1.167%,617380374.00,,2021,17734,,
NG,Novagold Resources Inc.,$5.545,-0.015,-0.27%,1848648864.00,Canada,2003,118261,,
NGD,New Gold Inc.,$1.145,0.055,5.046%,781233500.00,Canada,,507832,,
NHC,National HealthCare Corporation Common Stock,$60.22,0.37,0.618%,924021883.00,United States,1986,1970,Health Care,Hospital/Nursing Management
NHS,Neuberger Berman High Yield Strategies Fund,$8.31,0.10,1.218%,161484407.00,United States,,8314,Finance,Trusts Except Educational Religious and Charitable
NHWK,NightHawk Biosciences Inc. Common Stock,$1.60,0.03,1.911%,41058381.00,United States,2022,136643,Health Care,Biotechnology: Pharmaceutical Preparations
NILE,BitNile Holdings Inc. Common Stock,$0.1465,0.0055,3.901%,49820167.00,United States,1997,575971,Industrials,Military/Government/Technical
NILE^D,BitNile Holdings Inc. 13.00% Series D Cumulative Redeemable Perpetual Preferred Stock,$15.00,0.00,0.00%,,United States,,200,,
NML,Neuberger Berman MLP and Energy Income Fund Inc. Common Stock,$6.935,0.055,0.799%,392929666.00,,2013,11039,Finance,Finance/Investors Services
NNVC,NanoViricides Inc. Common Stock,$1.736,0.026,1.52%,20123712.00,United States,,428,Health Care,Biotechnology: Pharmaceutical Preparations
NRO,Neuberger Berman Real Estate Securities Income Fund Inc. Neuberger Berman Real Estate Securities Income Fund Inc.,$3.5584,0.0634,1.814%,168866740.00,United States,2003,15215,Finance,Finance/Investors Services
NTIP,Network-1 Technologies Inc. Common Stock,$2.29,0.0372,1.651%,54429879.00,United States,,1126,Technology,Interactive Media
OBE,Obsidian Energy Ltd. Common Shares,$8.08,0.01,0.124%,666116897.00,,2022,140505,,
OGEN,Oragenics Inc. Common Stock,$0.216,0.006,2.857%,25337839.00,United States,,105677,Health Care,Biotechnology: Pharmaceutical Preparations
OPTT,Ocean Power Technologies Inc. Common Stock,$0.718,0.0094,1.327%,40151910.00,United States,2007,60230,Industrials,Industrial Machinery/Components
ORLA,Orla Mining Ltd. Common Shares,$3.57,-0.04,-1.108%,1075553221.00,,2020,23000,,
OZ,Belpointe PREP LLC Class A Units,$93.45,-0.0706,-0.075%,318986809.00,,,788,,
PCG^A,Pacific Gas & Electric Co. 6% Preferred Stock,$20.0997,-0.3003,-1.472%,,United States,,646,,
PCG^B,Pacific Gas & Electric Co. 5 1/2% Preferred Stock,$18.55,0.00,0.00%,,United States,,57,,
PCG^C,Pacific Gas & Electric Co. 5% 1st Preferred Stock,$17.50,0.00,0.00%,,United States,,8,,
PCG^D,Pacific Gas & Electric Co. 5% 1st  Red. Preferred Stock,$17.25,0.25,1.471%,,United States,,5407,,
PCG^E,Pacific Gas & Electric Co. 5% 1st A Preferred Stock,$17.00,0.00,0.00%,,United States,,29,,
PCG^G,Pacific Gas & Electric Co. 4.80% 1st Preferred Stock,$16.85,0.00,0.00%,,United States,,4,,
PCG^H,Pacific Gas & Electric Co. 4.50% 1st Preferred Stock,$16.50,-0.49,-2.884%,,United States,,502,,
PCG^I,Pacific Gas & Electric Co. 4.36% 1st Preferred Stock,$15.44,0.00,0.00%,,United States,,3,,
PED,Pedevco Corp. Common Stock,$1.19,-0.02,-1.653%,102090418.00,United States,,131553,,
PHGE,BiomX Inc. COmmon Stock,$0.2873,0.0153,5.625%,8613910.00,,2019,13126,Health Care,Biotechnology: Pharmaceutical Preparations
PLAG,Planet Green Holdings Corp. Common Stock,$0.5595,0.0075,1.359%,40329840.00,China,,858,,
PLG,Platinum Group Metals Ltd. Ordinary Shares (Canada),$1.72,-0.01,-0.578%,169932541.00,Canada,,142905,,
PLM,Polymet Mining Corporation Ordinary Shares (Canada),$3.0638,-0.0362,-1.168%,310887254.00,Canada,,2146,,
PLX,Protalix BioTherapeutics Inc. (DE) Common Stock,$1.05,-0.02,-1.869%,52241079.00,Israel,,18974,Health Care,Biotechnology: Biological Products (No Diagnostic Substances)
PLYM^A,Plymouth Industrial REIT Inc. 7.50% Series A Cumulative Redeemable Preferred Stock,$25.1437,0.00,0.00%,,United States,,1,,
POL,Polished Inc. Common Stock,$0.595,-0.0122,-2.009%,63341973.00,United States,2020,53571,Consumer Discretionary,Other Specialty Stores
PRK,Park National Corporation Common Stock,$146.86,0.99,0.679%,2388469799.00,United States,1994,803,Finance,Major Banks
PTN,Palatin Technologies Inc. Common Stock,$4.6052,0.2952,6.849%,47681900.00,United States,1999,5666,Health Care,Biotechnology: Pharmaceutical Preparations
PW,Power REIT (MD) Common Stock,$8.21,0.01,0.122%,27829117.00,United States,1998,2010,Real Estate,Real Estate Investment Trusts
PW^A,Power REIT 7.75% Series A Cumulative Perpetual Preferred Stock,$21.00,0.00,0.00%,,United States,,15,,
PZG,Paramount Gold Nevada Corp. Common Stock,$0.37,0.0149,4.196%,17364980.00,United States,2015,5826,Basic Materials,Precious Metals
RCG,RENN Fund Inc Common Stock,$2.0226,-0.0274,-1.337%,14190127.00,United States,,3023,Finance,Investment Managers
RCOR,Renovacor Inc. Common Stock,$3.20,0.00,0.00%,55256608.00,,2020,5519,Health Care,Biotechnology: Pharmaceutical Preparations
REI,Ring Energy Inc. Common Stock,$3.095,0.015,0.487%,539803076.00,United States,,566787,Energy,Oil & Gas Production
REPX,Riley Exploration Permian Inc. Common Stock,$32.62,0.38,1.179%,648049699.00,United States,1999,3322,Energy,Oil & Gas Production
RHE,Regional Health Properties Inc. Common Stock,$2.69,0.12,4.669%,4757857.00,,2017,1312,Health Care,Hospital/Nursing Management
RLGT,Radiant Logistics Inc. Common Stock,$5.85,0.04,0.688%,289319805.00,United States,,21966,Consumer Discretionary,Oil Refining/Marketing
RMED,Ra Medical Systems Inc. Common Stock,$3.2884,0.0884,2.763%,7107643.00,,2018,28589,Health Care,Medical/Dental Instruments
RVP,Retractable Technologies Inc. Common Stock,$2.33,0.13,5.909%,76743580.00,United States,2001,13710,Health Care,Medical/Dental Instruments
SACC,Sachem Capital Corp. 6.875% Notes due 2024,$23.3099,-0.0401,-0.172%,0.00,United States,2019,650,Real Estate,Real Estate Investment Trusts
SACH,Sachem Capital Corp. Common Shares,$3.6555,0.0755,2.109%,140834312.00,United States,2017,88822,Real Estate,Real Estate Investment Trusts
SACH^A,Sachem Capital Corp. 7.75% Series A Cumulative Redeemable Preferred Stock,$19.31,0.02,0.104%,,United States,,1378,,
SATX,SatixFy Communications Ltd. Ordinary Share,$14.11,0.90,6.813%,1079610875.00,,2022,8638,,
SBEV,Splash Beverage Group Inc. (NV) Common Stock,$1.1448,0.0648,6.00%,45731229.00,,2021,67643,Consumer Staples,Beverages (Production/Distribution)
SCCB,Sachem Capital Corp. 7.125% Notes due 2024,$24.96,0.00,0.00%,0.00,United States,2019,100,Real Estate,Real Estate Investment Trusts
SCCC,Sachem Capital Corp. 7.75% Notes due 2025,$23.4948,0.3948,1.709%,0.00,United States,2020,2944,Real Estate,Real Estate Investment Trusts
SCCD,Sachem Capital Corp. 6.00% Notes due 2026,$20.80,0.00,0.00%,0.00,United States,,80,Real Estate,Real Estate Investment Trusts
SCCE,Sachem Capital Corp. 6.00% Notes due 2027,$20.55,0.05,0.244%,0.00,United States,2022,1599,Real Estate,Real Estate Investment Trusts
SCCF,Sachem Capital Corp. 7.125% Notes due 2027,$20.0111,0.2111,1.066%,0.00,United States,2022,2975,Real Estate,Real Estate Investment Trusts
SCCG,Sachem Capital Corp. 8.00% Notes due 2027,$20.44,0.14,0.69%,0.00,United States,2022,817,Real Estate,Real Estate Investment Trusts
SDPI,Superior Drilling Products Inc. Common Stock,$0.84,0.00,0.00%,24564301.00,,2014,9759,Industrials,Metal Fabrications
SEB,Seaboard Corporation Common Stock,$3766.99,-22.01,-0.581%,4372642885.00,United States,1996,91,Finance,Investment Bankers/Brokers/Service
SENS,Senseonics Holdings Inc. Common Stock,$1.265,0.025,2.016%,604994280.00,United States,,625249,Health Care,Biotechnology: Electromedical & Electrotherapeutic Apparatus
SIF,SIFCO Industries Inc. Common Stock,$2.80,0.00,0.00%,16910928.00,United States,1969,329,Industrials,Office Equipment/Supplies/Services
SILV,SilverCrest Metals Inc. Common Shares,$6.4499,-0.2501,-3.733%,942451416.00,,2018,313379,Industrials,Industrial Machinery/Components
SIM,Grupo Simec S.A.B. de C.V. American Depositary Shares,$30.125,0.00,0.00%,4997830014.00,Mexico,1998,14,Industrials,Steel/Iron Ore
SKYH,Sky Harbour Group Corporation Class A Common Stock,$3.64,0.18,5.202%,54464705.00,,2022,749,Industrials,Military/Government/Technical
SLI,Standard Lithium Ltd. Common Shares,$4.61,-0.06,-1.285%,767805628.00,,2021,392803,,
SNMP,Evolve Transition Infrastructure LP Common Stock,$0.2212,0.0039,1.795%,38416448.00,United States,,36161,Energy,Oil & Gas Production
SSY,SunLink Health Systems Inc. Common Stock,$0.8551,-0.015,-1.724%,6012724.00,United States,1996,2711,Consumer Staples,Retail-Drug Stores and Proprietary Stores
STXS,Stereotaxis Inc. Common Stock,$2.05,0.05,2.50%,153319652.00,United States,,49758,Health Care,Biotechnology: Electromedical & Electrotherapeutic Apparatus
SVM,Silvercorp Metals Inc. Common Shares,$2.82,0.03,1.075%,497922050.00,,,185914,,
SVT,Servotronics Inc. Common Stock,$11.55,-0.47,-3.91%,28859950.00,United States,1970,4460,Consumer Discretionary,Metal Fabrications
TELL,Tellurian Inc. Common Stock,$2.9015,0.1315,4.747%,1638818174.00,United States,,1821727,Energy,Oil & Gas Production
TELZ,Tellurian Inc. 8.25% Senior Notes due 2028,$18.6647,-0.5353,-2.788%,0.00,United States,,2253,Energy,Oil & Gas Production
TGB,Taseko Mines Ltd. Common Stock,$1.385,-0.015,-1.071%,396666658.00,Canada,,413287,,
THM,International Tower Hill Mines Ltd. Ordinary Shares (Canada),$0.4676,-0.053,-10.181%,91328445.00,Canada,,68428,,
TKAT,Takung Art Co. Ltd. Common Stock,$0.9295,0.0495,5.625%,32524958.00,,,7510,Consumer Discretionary,Catalog/Specialty Distribution
TMBR,Timber Pharmaceuticals Inc. Common Stock,$1.74,-0.15,-7.937%,5099063.00,United States,2015,44971,Health Care, Medicinal Chemicals and Botanical Products 
TMP,Tompkins Financial Corporation Common Stock,$83.3699,1.4599,1.782%,1207509373.00,United States,1997,3499,Finance,Major Banks
TMQ,Trilogy Metals Inc. Common Stock,$0.59,0.01,1.724%,86272771.00,Canada,,8143,,
TOVX,Theriva Biologics Inc. Common Stock,$0.63,0.02,3.279%,9981758.00,United States,,27029,Health Care,Biotechnology: Pharmaceutical Preparations
TPHS,Trinity Place Holdings Inc. Common Stock,$0.70,-0.0044,-0.625%,25813998.00,,,7108,Real Estate,Real Estate
TRT,Trio-Tech International Common Stock,$5.0021,-0.1279,-2.493%,20391961.00,United States,1998,2066,Technology,Industrial Machinery/Components
TRX,TRX Gold Corporation Common Stock,$0.3698,0.0005,0.135%,102090199.00,Canada,,27631,,
TWND,Tailwind Acquisition Corp. Class A Common Stock,$10.08,0.00,0.00%,421111787.00,,2020,3,Industrials,Consumer Electronics/Appliances
UAMY,United States Antimony Corporation Common Stock,$0.3745,0.0045,1.216%,39787015.00,United States,,39744,,
UAVS,AgEagle Aerial Systems Inc. Common Stock,$0.58,0.0135,2.383%,50457431.00,United States,,283425,Industrials,Wholesale Distributors
UEC,Uranium Energy Corp. Common Stock,$4.12,0.06,1.478%,1504003145.00,Canada,,1552624,Basic Materials,Other Metals and Minerals
UFAB,Unique Fabricating Inc. Common Stock,$0.7803,-0.0297,-3.667%,9155375.00,United States,2015,1884,Consumer Discretionary,Auto Parts:O.E.M.
URG,Ur Energy Inc Common Shares (Canada),$1.35,0.02,1.504%,301220138.00,Canada,,84989,,
USAS,Americas Gold and Silver Corporation Common Shares no par value,$0.5299,0.0014,0.265%,97648579.00,,2017,26363,,
UTG,Reaves Utility Income Fund Common Shares of Beneficial Interest,$29.09,0.36,1.253%,1993411042.00,United States,2004,56758,Finance,Investment Managers
UUU,Universal Security Instruments Inc. Common Stock,$3.20,-0.04,-1.235%,7401238.00,United States,2003,451,Technology,Security Systems Services
UUUU,Energy Fuels Inc Ordinary Shares (Canada),$7.536,0.016,0.213%,1187865037.00,,,532263,,
VFL,Delaware Investments National Municipal Income Fund Common Stock,$10.925,0.125,1.157%,228951893.00,United States,1993,908,Finance,Finance/Investors Services
VGZ,Vista Gold Corp Common Stock,$0.59,-0.005,-0.84%,69800949.00,United States,1986,25371,,
VHAQ,Viveon Health Acquisition Corp. Common Stock,$10.50,0.00,0.00%,105673302.00,,2021,100,Industrials,Consumer Electronics/Appliances
VINE,Fresh Vine Wine Inc. Common Stock,$1.62,0.07,4.516%,20626256.00,,2021,117,Consumer Staples,Beverages (Production/Distribution)
VKI,Invesco Advantage Municipal Income Trust II Common Shares of Beneficial Interest (DE),$8.1573,0.1173,1.459%,362233227.00,United States,1993,22557,Finance,Finance Companies
VNRX,VolitionRX Limited Common Stock,$1.80,0.14,8.434%,103134551.00,Singapore,2015,14894,Health Care,Biotechnology: Biological Products (No Diagnostic Substances)
VZLA,Vizsla Silver Corp. Common Shares,$1.134,0.004,0.354%,175629159.00,,2022,13528,,
WBEV,Winc Inc. Common Stock,$0.47,-0.03,-6.00%,6242136.00,,2021,1586,Consumer Staples,Beverages (Production/Distribution)
WLMS,Williams Industrial Services Group Inc. Common Stock,$1.1629,-0.0571,-4.68%,30727029.00,,2021,23059,Industrials,Engineering & Construction
WRN,Western Copper and Gold Corporation Common Stock,$1.62,0.06,3.846%,245587932.00,Canada,2011,36437,,
WTT,Wireless Telecom Group  Inc. Common Stock,$1.5101,0.0001,0.007%,32376692.00,United States,1993,293,Telecommunications,Telecommunications Equipment
WWR,Westwater Resources Inc. Common Stock,$1.19,0.04,3.478%,57199352.00,United States,,91696,Basic Materials,Other Metals and Minerals
WYY,WidePoint Corporation Common Stock,$2.4499,-0.0001,-0.004%,21397275.00,United States,,2087,Technology,EDP Services
XPL,Solitario Zinc Corp. Common Stock,$0.572,0.0131,2.344%,37047795.00,United States,,5256,Basic Materials,Precious Metals
XTNT,Xtant Medical Holdings Inc. Common Stock,$0.6484,0.0079,1.233%,70454747.00,United States,,3921,Health Care,Medical Specialities
YCBD,cbdMD Inc. Common Stock,$0.2699,0.0099,3.808%,16343955.00,United States,2017,27500,Health Care,Biotechnology: Pharmaceutical Preparations
YCBD^A,cbdMD Inc. 8.0% Series A Cumulative Convertible Preferred Stock,$4.19,0.12,2.948%,,United States,,1798,,
ZDGE,Zedge Inc. Class B Common Stock ,$2.785,0.515,22.687%,41848223.00,,2016,187103,Technology,Internet and Information Services
ZOM,Zomedica Corp. Common Shares,$0.2283,-0.0165,-6.74%,223722509.00,United States,2017,4249559,Health Care,Pharmaceuticals and Biotechnology
